1948-01-01,1948,1,1,4,木,Thursday,元日
1948-01-15,1948,1,15,4,木,Thursday,成人の日
1948-04-29,1948,4,29,4,木,Thursday,天皇誕生日
1948-05-03,1948,5,3,1,月,Monday,憲法記念日
1948-05-05,1948,5,5,3,水,Wednesday,こどもの日
1948-11-03,1948,11,3,3,水,Wednesday,文化の日
1948-11-23,1948,11,23,2,火,Tuesday,勤労感謝の日
1949-01-01,1949,1,1,6,土,Saturday,元日
1949-01-15,1949,1,15,6,土,Saturday,成人の日
1949-04-29,1949,4,29,5,金,Friday,天皇誕生日
1949-05-03,1949,5,3,2,火,Tuesday,憲法記念日
1949-05-05,1949,5,5,4,木,Thursday,こどもの日
1949-11-03,1949,11,3,4,木,Thursday,文化の日
1949-11-23,1949,11,23,3,水,Wednesday,勤労感謝の日
1950-01-01,1950,1,1,0,日,Sunday,元日
1950-01-15,1950,1,15,0,日,Sunday,成人の日
1950-04-29,1950,4,29,6,土,Saturday,天皇誕生日
1950-05-03,1950,5,3,3,水,Wednesday,憲法記念日
1950-05-05,1950,5,5,5,金,Friday,こどもの日
1950-11-03,1950,11,3,5,金,Friday,文化の日
1950-11-23,1950,11,23,4,木,Thursday,勤労感謝の日
1951-01-01,1951,1,1,1,月,Monday,元日
1951-01-15,1951,1,15,1,月,Monday,成人の日
1951-04-29,1951,4,29,0,日,Sunday,天皇誕生日
1951-05-03,1951,5,3,4,木,Thursday,憲法記念日
1951-05-05,1951,5,5,6,土,Saturday,こどもの日
1951-11-03,1951,11,3,6,土,Saturday,文化の日
1951-11-23,1951,11,23,5,金,Friday,勤労感謝の日
1952-01-01,1952,1,1,2,火,Tuesday,元日
1952-01-15,1952,1,15,2,火,Tuesday,成人の日
1952-04-29,1952,4,29,2,火,Tuesday,天皇誕生日
1952-05-03,1952,5,3,6,土,Saturday,憲法記念日
1952-05-05,1952,5,5,1,月,Monday,こどもの日
1952-11-03,1952,11,3,1,月,Monday,文化の日
1952-11-23,1952,11,23,0,日,Sunday,勤労感謝の日
1953-01-01,1953,1,1,4,木,Thursday,元日
1953-01-15,1953,1,15,4,木,Thursday,成人の日
1953-04-29,1953,4,29,3,水,Wednesday,天皇誕生日
1953-05-03,1953,5,3,0,日,Sunday,憲法記念日
1953-05-05,1953,5,5,2,火,Tuesday,こどもの日
1953-11-03,1953,11,3,2,火,Tuesday,文化の日
1953-11-23,1953,11,23,1,月,Monday,勤労感謝の日
1954-01-01,1954,1,1,5,金,Friday,元日
1954-01-15,1954,1,15,5,金,Friday,成人の日
1954-04-29,1954,4,29,4,木,Thursday,天皇誕生日
1954-05-03,1954,5,3,1,月,Monday,憲法記念日
1954-05-05,1954,5,5,3,水,Wednesday,こどもの日
1954-11-03,1954,11,3,3,水,Wednesday,文化の日
1954-11-23,1954,11,23,2,火,Tuesday,勤労感謝の日
1955-01-01,1955,1,1,6,土,Saturday,元日
1955-01-15,1955,1,15,6,土,Saturday,成人の日
1955-04-29,1955,4,29,5,金,Friday,天皇誕生日
1955-05-03,1955,5,3,2,火,Tuesday,憲法記念日
1955-05-05,1955,5,5,4,木,Thursday,こどもの日
1955-11-03,1955,11,3,4,木,Thursday,文化の日
1955-11-23,1955,11,23,3,水,Wednesday,勤労感謝の日
1956-01-01,1956,1,1,0,日,Sunday,元日
1956-01-15,1956,1,15,0,日,Sunday,成人の日
1956-04-29,1956,4,29,0,日,Sunday,天皇誕生日
1956-05-03,1956,5,3,4,木,Thursday,憲法記念日
1956-05-05,1956,5,5,6,土,Saturday,こどもの日
1956-11-03,1956,11,3,6,土,Saturday,文化の日
1956-11-23,1956,11,23,5,金,Friday,勤労感謝の日
1957-01-01,1957,1,1,2,火,Tuesday,元日
1957-01-15,1957,1,15,2,火,Tuesday,成人の日
1957-04-29,1957,4,29,1,月,Monday,天皇誕生日
1957-05-03,1957,5,3,5,金,Friday,憲法記念日
1957-05-05,1957,5,5,0,日,Sunday,こどもの日
1957-11-03,1957,11,3,0,日,Sunday,文化の日
1957-11-23,1957,11,23,6,土,Saturday,勤労感謝の日
1958-01-01,1958,1,1,3,水,Wednesday,元日
1958-01-15,1958,1,15,3,水,Wednesday,成人の日
1958-04-29,1958,4,29,2,火,Tuesday,天皇誕生日
1958-05-03,1958,5,3,6,土,Saturday,憲法記念日
1958-05-05,1958,5,5,1,月,Monday,こどもの日
1958-11-03,1958,11,3,1,月,Monday,文化の日
1958-11-23,1958,11,23,0,日,Sunday,勤労感謝の日
1959-01-01,1959,1,1,4,木,Thursday,元日
1959-01-15,1959,1,15,4,木,Thursday,成人の日
1959-04-10,1959,4,10,5,金,Friday,皇太子・明仁親王の結婚の儀
1959-04-29,1959,4,29,3,水,Wednesday,天皇誕生日
1959-05-03,1959,5,3,0,日,Sunday,憲法記念日
1959-05-05,1959,5,5,2,火,Tuesday,こどもの日
1959-11-03,1959,11,3,2,火,Tuesday,文化の日
1959-11-23,1959,11,23,1,月,Monday,勤労感謝の日
1960-01-01,1960,1,1,5,金,Friday,元日
1960-01-15,1960,1,15,5,金,Friday,成人の日
1960-04-29,1960,4,29,5,金,Friday,天皇誕生日
1960-05-03,1960,5,3,2,火,Tuesday,憲法記念日
1960-05-05,1960,5,5,4,木,Thursday,こどもの日
1960-11-03,1960,11,3,4,木,Thursday,文化の日
1960-11-23,1960,11,23,3,水,Wednesday,勤労感謝の日
1961-01-01,1961,1,1,0,日,Sunday,元日
1961-01-15,1961,1,15,0,日,Sunday,成人の日
1961-04-29,1961,4,29,6,土,Saturday,天皇誕生日
1961-05-03,1961,5,3,3,水,Wednesday,憲法記念日
1961-05-05,1961,5,5,5,金,Friday,こどもの日
1961-11-03,1961,11,3,5,金,Friday,文化の日
1961-11-23,1961,11,23,4,木,Thursday,勤労感謝の日
1962-01-01,1962,1,1,1,月,Monday,元日
1962-01-15,1962,1,15,1,月,Monday,成人の日
1962-04-29,1962,4,29,0,日,Sunday,天皇誕生日
1962-05-03,1962,5,3,4,木,Thursday,憲法記念日
1962-05-05,1962,5,5,6,土,Saturday,こどもの日
1962-11-03,1962,11,3,6,土,Saturday,文化の日
1962-11-23,1962,11,23,5,金,Friday,勤労感謝の日
1963-01-01,1963,1,1,2,火,Tuesday,元日
1963-01-15,1963,1,15,2,火,Tuesday,成人の日
1963-04-29,1963,4,29,1,月,Monday,天皇誕生日
1963-05-03,1963,5,3,5,金,Friday,憲法記念日
1963-05-05,1963,5,5,0,日,Sunday,こどもの日
1963-11-03,1963,11,3,0,日,Sunday,文化の日
1963-11-23,1963,11,23,6,土,Saturday,勤労感謝の日
1964-01-01,1964,1,1,3,水,Wednesday,元日
1964-01-15,1964,1,15,3,水,Wednesday,成人の日
1964-04-29,1964,4,29,3,水,Wednesday,天皇誕生日
1964-05-03,1964,5,3,0,日,Sunday,憲法記念日
1964-05-05,1964,5,5,2,火,Tuesday,こどもの日
1964-11-03,1964,11,3,2,火,Tuesday,文化の日
1964-11-23,1964,11,23,1,月,Monday,勤労感謝の日
1965-01-01,1965,1,1,5,金,Friday,元日
1965-01-15,1965,1,15,5,金,Friday,成人の日
1965-04-29,1965,4,29,4,木,Thursday,天皇誕生日
1965-05-03,1965,5,3,1,月,Monday,憲法記念日
1965-05-05,1965,5,5,3,水,Wednesday,こどもの日
1965-11-03,1965,11,3,3,水,Wednesday,文化の日
1965-11-23,1965,11,23,2,火,Tuesday,勤労感謝の日
1966-01-01,1966,1,1,6,土,Saturday,元日
1966-01-15,1966,1,15,6,土,Saturday,成人の日
1966-04-29,1966,4,29,5,金,Friday,天皇誕生日
1966-05-03,1966,5,3,2,火,Tuesday,憲法記念日
1966-05-05,1966,5,5,4,木,Thursday,こどもの日
1966-09-15,1966,9,15,4,木,Thursday,敬老の日
1966-10-10,1966,10,10,1,月,Monday,体育の日
1966-11-03,1966,11,3,4,木,Thursday,文化の日
1966-11-23,1966,11,23,3,水,Wednesday,勤労感謝の日
1967-01-01,1967,1,1,0,日,Sunday,元日
1967-01-15,1967,1,15,0,日,Sunday,成人の日
1967-02-11,1967,2,11,6,土,Saturday,建国記念の日
1967-04-29,1967,4,29,6,土,Saturday,天皇誕生日
1967-05-03,1967,5,3,3,水,Wednesday,憲法記念日
1967-05-05,1967,5,5,5,金,Friday,こどもの日
1967-09-15,1967,9,15,5,金,Friday,敬老の日
1967-10-10,1967,10,10,2,火,Tuesday,体育の日
1967-11-03,1967,11,3,5,金,Friday,文化の日
1967-11-23,1967,11,23,4,木,Thursday,勤労感謝の日
1968-01-01,1968,1,1,1,月,Monday,元日
1968-01-15,1968,1,15,1,月,Monday,成人の日
1968-02-11,1968,2,11,0,日,Sunday,建国記念の日
1968-04-29,1968,4,29,1,月,Monday,天皇誕生日
1968-05-03,1968,5,3,5,金,Friday,憲法記念日
1968-05-05,1968,5,5,0,日,Sunday,こどもの日
1968-09-15,1968,9,15,0,日,Sunday,敬老の日
1968-10-10,1968,10,10,4,木,Thursday,体育の日
1968-11-03,1968,11,3,0,日,Sunday,文化の日
1968-11-23,1968,11,23,6,土,Saturday,勤労感謝の日
1969-01-01,1969,1,1,3,水,Wednesday,元日
1969-01-15,1969,1,15,3,水,Wednesday,成人の日
1969-02-11,1969,2,11,2,火,Tuesday,建国記念の日
1969-04-29,1969,4,29,2,火,Tuesday,天皇誕生日
1969-05-03,1969,5,3,6,土,Saturday,憲法記念日
1969-05-05,1969,5,5,1,月,Monday,こどもの日
1969-09-15,1969,9,15,1,月,Monday,敬老の日
1969-10-10,1969,10,10,5,金,Friday,体育の日
1969-11-03,1969,11,3,1,月,Monday,文化の日
1969-11-23,1969,11,23,0,日,Sunday,勤労感謝の日
1970-01-01,1970,1,1,4,木,Thursday,元日
1970-01-15,1970,1,15,4,木,Thursday,成人の日
1970-02-11,1970,2,11,3,水,Wednesday,建国記念の日
1970-04-29,1970,4,29,3,水,Wednesday,天皇誕生日
1970-05-03,1970,5,3,0,日,Sunday,憲法記念日
1970-05-05,1970,5,5,2,火,Tuesday,こどもの日
1970-09-15,1970,9,15,2,火,Tuesday,敬老の日
1970-10-10,1970,10,10,6,土,Saturday,体育の日
1970-11-03,1970,11,3,2,火,Tuesday,文化の日
1970-11-23,1970,11,23,1,月,Monday,勤労感謝の日
1971-01-01,1971,1,1,5,金,Friday,元日
1971-01-15,1971,1,15,5,金,Friday,成人の日
1971-02-11,1971,2,11,4,木,Thursday,建国記念の日
1971-04-29,1971,4,29,4,木,Thursday,天皇誕生日
1971-05-03,1971,5,3,1,月,Monday,憲法記念日
1971-05-05,1971,5,5,3,水,Wednesday,こどもの日
1971-09-15,1971,9,15,3,水,Wednesday,敬老の日
1971-10-10,1971,10,10,0,日,Sunday,体育の日
1971-11-03,1971,11,3,3,水,Wednesday,文化の日
1971-11-23,1971,11,23,2,火,Tuesday,勤労感謝の日
1972-01-01,1972,1,1,6,土,Saturday,元日
1972-01-15,1972,1,15,6,土,Saturday,成人の日
1972-02-11,1972,2,11,5,金,Friday,建国記念の日
1972-04-29,1972,4,29,6,土,Saturday,天皇誕生日
1972-05-03,1972,5,3,3,水,Wednesday,憲法記念日
1972-05-05,1972,5,5,5,金,Friday,こどもの日
1972-09-15,1972,9,15,5,金,Friday,敬老の日
1972-10-10,1972,10,10,2,火,Tuesday,体育の日
1972-11-03,1972,11,3,5,金,Friday,文化の日
1972-11-23,1972,11,23,4,木,Thursday,勤労感謝の日
1973-01-01,1973,1,1,1,月,Monday,元日
1973-01-15,1973,1,15,1,月,Monday,成人の日
1973-02-11,1973,2,11,0,日,Sunday,建国記念の日
1973-04-29,1973,4,29,0,日,Sunday,天皇誕生日
1973-04-30,1973,4,30,1,月,Monday,振替休日
1973-05-03,1973,5,3,4,木,Thursday,憲法記念日
1973-05-05,1973,5,5,6,土,Saturday,こどもの日
1973-09-15,1973,9,15,6,土,Saturday,敬老の日
1973-09-24,1973,9,24,1,月,Monday,振替休日
1973-10-10,1973,10,10,3,水,Wednesday,体育の日
1973-11-03,1973,11,3,6,土,Saturday,文化の日
1973-11-23,1973,11,23,5,金,Friday,勤労感謝の日
1974-01-01,1974,1,1,2,火,Tuesday,元日
1974-01-15,1974,1,15,2,火,Tuesday,成人の日
1974-02-11,1974,2,11,1,月,Monday,建国記念の日
1974-04-29,1974,4,29,1,月,Monday,天皇誕生日
1974-05-03,1974,5,3,5,金,Friday,憲法記念日
1974-05-05,1974,5,5,0,日,Sunday,こどもの日
1974-05-06,1974,5,6,1,月,Monday,振替休日
1974-09-15,1974,9,15,0,日,Sunday,敬老の日
1974-09-16,1974,9,16,1,月,Monday,振替休日
1974-10-10,1974,10,10,4,木,Thursday,体育の日
1974-11-03,1974,11,3,0,日,Sunday,文化の日
1974-11-04,1974,11,4,1,月,Monday,振替休日
1974-11-23,1974,11,23,6,土,Saturday,勤労感謝の日
1975-01-01,1975,1,1,3,水,Wednesday,元日
1975-01-15,1975,1,15,3,水,Wednesday,成人の日
1975-02-11,1975,2,11,2,火,Tuesday,建国記念の日
1975-04-29,1975,4,29,2,火,Tuesday,天皇誕生日
1975-05-03,1975,5,3,6,土,Saturday,憲法記念日
1975-05-05,1975,5,5,1,月,Monday,こどもの日
1975-09-15,1975,9,15,1,月,Monday,敬老の日
1975-10-10,1975,10,10,5,金,Friday,体育の日
1975-11-03,1975,11,3,1,月,Monday,文化の日
1975-11-23,1975,11,23,0,日,Sunday,勤労感謝の日
1975-11-24,1975,11,24,1,月,Monday,振替休日
1976-01-01,1976,1,1,4,木,Thursday,元日
1976-01-15,1976,1,15,4,木,Thursday,成人の日
1976-02-11,1976,2,11,3,水,Wednesday,建国記念の日
1976-04-29,1976,4,29,4,木,Thursday,天皇誕生日
1976-05-03,1976,5,3,1,月,Monday,憲法記念日
1976-05-05,1976,5,5,3,水,Wednesday,こどもの日
1976-09-15,1976,9,15,3,水,Wednesday,敬老の日
1976-10-10,1976,10,10,0,日,Sunday,体育の日
1976-10-11,1976,10,11,1,月,Monday,振替休日
1976-11-03,1976,11,3,3,水,Wednesday,文化の日
1976-11-23,1976,11,23,2,火,Tuesday,勤労感謝の日
1977-01-01,1977,1,1,6,土,Saturday,元日
1977-01-15,1977,1,15,6,土,Saturday,成人の日
1977-02-11,1977,2,11,5,金,Friday,建国記念の日
1977-04-29,1977,4,29,5,金,Friday,天皇誕生日
1977-05-03,1977,5,3,2,火,Tuesday,憲法記念日
1977-05-05,1977,5,5,4,木,Thursday,こどもの日
1977-09-15,1977,9,15,4,木,Thursday,敬老の日
1977-10-10,1977,10,10,1,月,Monday,体育の日
1977-11-03,1977,11,3,4,木,Thursday,文化の日
1977-11-23,1977,11,23,3,水,Wednesday,勤労感謝の日
1978-01-01,1978,1,1,0,日,Sunday,元日
1978-01-02,1978,1,2,1,月,Monday,振替休日
1978-01-15,1978,1,15,0,日,Sunday,成人の日
1978-01-16,1978,1,16,1,月,Monday,振替休日
1978-02-11,1978,2,11,6,土,Saturday,建国記念の日
1978-04-29,1978,4,29,6,土,Saturday,天皇誕生日
1978-05-03,1978,5,3,3,水,Wednesday,憲法記念日
1978-05-05,1978,5,5,5,金,Friday,こどもの日
1978-09-15,1978,9,15,5,金,Friday,敬老の日
1978-10-10,1978,10,10,2,火,Tuesday,体育の日
1978-11-03,1978,11,3,5,金,Friday,文化の日
1978-11-23,1978,11,23,4,木,Thursday,勤労感謝の日
1979-01-01,1979,1,1,1,月,Monday,元日
1979-01-15,1979,1,15,1,月,Monday,成人の日
1979-02-11,1979,2,11,0,日,Sunday,建国記念の日
1979-02-12,1979,2,12,1,月,Monday,振替休日
1979-04-29,1979,4,29,0,日,Sunday,天皇誕生日
1979-04-30,1979,4,30,1,月,Monday,振替休日
1979-05-03,1979,5,3,4,木,Thursday,憲法記念日
1979-05-05,1979,5,5,6,土,Saturday,こどもの日
1979-09-15,1979,9,15,6,土,Saturday,敬老の日
1979-10-10,1979,10,10,3,水,Wednesday,体育の日
1979-11-03,1979,11,3,6,土,Saturday,文化の日
1979-11-23,1979,11,23,5,金,Friday,勤労感謝の日
1980-01-01,1980,1,1,2,火,Tuesday,元日
1980-01-15,1980,1,15,2,火,Tuesday,成人の日
1980-02-11,1980,2,11,1,月,Monday,建国記念の日
1980-04-29,1980,4,29,2,火,Tuesday,天皇誕生日
1980-05-03,1980,5,3,6,土,Saturday,憲法記念日
1980-05-05,1980,5,5,1,月,Monday,こどもの日
1980-09-15,1980,9,15,1,月,Monday,敬老の日
1980-10-10,1980,10,10,5,金,Friday,体育の日
1980-11-03,1980,11,3,1,月,Monday,文化の日
1980-11-23,1980,11,23,0,日,Sunday,勤労感謝の日
1980-11-24,1980,11,24,1,月,Monday,振替休日
1981-01-01,1981,1,1,4,木,Thursday,元日
1981-01-15,1981,1,15,4,木,Thursday,成人の日
1981-02-11,1981,2,11,3,水,Wednesday,建国記念の日
1981-04-29,1981,4,29,3,水,Wednesday,天皇誕生日
1981-05-03,1981,5,3,0,日,Sunday,憲法記念日
1981-05-04,1981,5,4,1,月,Monday,振替休日
1981-05-05,1981,5,5,2,火,Tuesday,こどもの日
1981-09-15,1981,9,15,2,火,Tuesday,敬老の日
1981-10-10,1981,10,10,6,土,Saturday,体育の日
1981-11-03,1981,11,3,2,火,Tuesday,文化の日
1981-11-23,1981,11,23,1,月,Monday,勤労感謝の日
1982-01-01,1982,1,1,5,金,Friday,元日
1982-01-15,1982,1,15,5,金,Friday,成人の日
1982-02-11,1982,2,11,4,木,Thursday,建国記念の日
1982-03-22,1982,3,22,1,月,Monday,振替休日
1982-04-29,1982,4,29,4,木,Thursday,天皇誕生日
1982-05-03,1982,5,3,1,月,Monday,憲法記念日
1982-05-05,1982,5,5,3,水,Wednesday,こどもの日
1982-09-15,1982,9,15,3,水,Wednesday,敬老の日
1982-10-10,1982,10,10,0,日,Sunday,体育の日
1982-10-11,1982,10,11,1,月,Monday,振替休日
1982-11-03,1982,11,3,3,水,Wednesday,文化の日
1982-11-23,1982,11,23,2,火,Tuesday,勤労感謝の日
1983-01-01,1983,1,1,6,土,Saturday,元日
1983-01-15,1983,1,15,6,土,Saturday,成人の日
1983-02-11,1983,2,11,5,金,Friday,建国記念の日
1983-04-29,1983,4,29,5,金,Friday,天皇誕生日
1983-05-03,1983,5,3,2,火,Tuesday,憲法記念日
1983-05-05,1983,5,5,4,木,Thursday,こどもの日
1983-09-15,1983,9,15,4,木,Thursday,敬老の日
1983-10-10,1983,10,10,1,月,Monday,体育の日
1983-11-03,1983,11,3,4,木,Thursday,文化の日
1983-11-23,1983,11,23,3,水,Wednesday,勤労感謝の日
1984-01-01,1984,1,1,0,日,Sunday,元日
1984-01-02,1984,1,2,1,月,Monday,振替休日
1984-01-15,1984,1,15,0,日,Sunday,成人の日
1984-01-16,1984,1,16,1,月,Monday,振替休日
1984-02-11,1984,2,11,6,土,Saturday,建国記念の日
1984-04-29,1984,4,29,0,日,Sunday,天皇誕生日
1984-04-30,1984,4,30,1,月,Monday,振替休日
1984-05-03,1984,5,3,4,木,Thursday,憲法記念日
1984-05-05,1984,5,5,6,土,Saturday,こどもの日
1984-09-15,1984,9,15,6,土,Saturday,敬老の日
1984-09-24,1984,9,24,1,月,Monday,振替休日
1984-10-10,1984,10,10,3,水,Wednesday,体育の日
1984-11-03,1984,11,3,6,土,Saturday,文化の日
1984-11-23,1984,11,23,5,金,Friday,勤労感謝の日
1985-01-01,1985,1,1,2,火,Tuesday,元日
1985-01-15,1985,1,15,2,火,Tuesday,成人の日
1985-02-11,1985,2,11,1,月,Monday,建国記念の日
1985-04-29,1985,4,29,1,月,Monday,天皇誕生日
1985-05-03,1985,5,3,5,金,Friday,憲法記念日
1985-05-05,1985,5,5,0,日,Sunday,こどもの日
1985-05-06,1985,5,6,1,月,Monday,振替休日
1985-09-15,1985,9,15,0,日,Sunday,敬老の日
1985-09-16,1985,9,16,1,月,Monday,振替休日
1985-10-10,1985,10,10,4,木,Thursday,体育の日
1985-11-03,1985,11,3,0,日,Sunday,文化の日
1985-11-04,1985,11,4,1,月,Monday,振替休日
1985-11-23,1985,11,23,6,土,Saturday,勤労感謝の日
1986-01-01,1986,1,1,3,水,Wednesday,元日
1986-01-15,1986,1,15,3,水,Wednesday,成人の日
1986-02-11,1986,2,11,2,火,Tuesday,建国記念の日
1986-04-29,1986,4,29,2,火,Tuesday,天皇誕生日
1986-05-03,1986,5,3,6,土,Saturday,憲法記念日
1986-05-05,1986,5,5,1,月,Monday,こどもの日
1986-09-15,1986,9,15,1,月,Monday,敬老の日
1986-10-10,1986,10,10,5,金,Friday,体育の日
1986-11-03,1986,11,3,1,月,Monday,文化の日
1986-11-23,1986,11,23,0,日,Sunday,勤労感謝の日
1986-11-24,1986,11,24,1,月,Monday,振替休日
1987-01-01,1987,1,1,4,木,Thursday,元日
1987-01-15,1987,1,15,4,木,Thursday,成人の日
1987-02-11,1987,2,11,3,水,Wednesday,建国記念の日
1987-04-29,1987,4,29,3,水,Wednesday,天皇誕生日
1987-05-03,1987,5,3,0,日,Sunday,憲法記念日
1987-05-04,1987,5,4,1,月,Monday,振替休日
1987-05-05,1987,5,5,2,火,Tuesday,こどもの日
1987-09-15,1987,9,15,2,火,Tuesday,敬老の日
1987-10-10,1987,10,10,6,土,Saturday,体育の日
1987-11-03,1987,11,3,2,火,Tuesday,文化の日
1987-11-23,1987,11,23,1,月,Monday,勤労感謝の日
1988-01-01,1988,1,1,5,金,Friday,元日
1988-01-15,1988,1,15,5,金,Friday,成人の日
1988-02-11,1988,2,11,4,木,Thursday,建国記念の日
1988-03-21,1988,3,21,1,月,Monday,振替休日
1988-04-29,1988,4,29,5,金,Friday,天皇誕生日
1988-05-03,1988,5,3,2,火,Tuesday,憲法記念日
1988-05-04,1988,5,4,3,水,Wednesday,国民の休日
1988-05-05,1988,5,5,4,木,Thursday,こどもの日
1988-09-15,1988,9,15,4,木,Thursday,敬老の日
1988-10-10,1988,10,10,1,月,Monday,体育の日
1988-11-03,1988,11,3,4,木,Thursday,文化の日
1988-11-23,1988,11,23,3,水,Wednesday,勤労感謝の日
1989-01-01,1989,1,1,0,日,Sunday,元日
1989-01-02,1989,1,2,1,月,Monday,振替休日
1989-01-15,1989,1,15,0,日,Sunday,成人の日
1989-01-16,1989,1,16,1,月,Monday,振替休日
1989-02-11,1989,2,11,6,土,Saturday,建国記念の日
1989-02-24,1989,2,24,5,金,Friday,昭和天皇の大喪の礼
1989-04-29,1989,4,29,6,土,Saturday,みどりの日
1989-05-03,1989,5,3,3,水,Wednesday,憲法記念日
1989-05-04,1989,5,4,4,木,Thursday,国民の休日
1989-05-05,1989,5,5,5,金,Friday,こどもの日
1989-09-15,1989,9,15,5,金,Friday,敬老の日
1989-10-10,1989,10,10,2,火,Tuesday,体育の日
1989-11-03,1989,11,3,5,金,Friday,文化の日
1989-11-23,1989,11,23,4,木,Thursday,勤労感謝の日
1989-12-23,1989,12,23,6,土,Saturday,天皇誕生日
1990-01-01,1990,1,1,1,月,Monday,元日
1990-01-15,1990,1,15,1,月,Monday,成人の日
1990-02-11,1990,2,11,0,日,Sunday,建国記念の日
1990-02-12,1990,2,12,1,月,Monday,振替休日
1990-04-29,1990,4,29,0,日,Sunday,みどりの日
1990-04-30,1990,4,30,1,月,Monday,振替休日
1990-05-03,1990,5,3,4,木,Thursday,憲法記念日
1990-05-04,1990,5,4,5,金,Friday,国民の休日
1990-05-05,1990,5,5,6,土,Saturday,こどもの日
1990-09-15,1990,9,15,6,土,Saturday,敬老の日
1990-09-24,1990,9,24,1,月,Monday,振替休日
1990-10-10,1990,10,10,3,水,Wednesday,体育の日
1990-11-03,1990,11,3,6,土,Saturday,文化の日
1990-11-12,1990,11,12,1,月,Monday,即位の礼正殿の儀
1990-11-23,1990,11,23,5,金,Friday,勤労感謝の日
1990-12-23,1990,12,23,0,日,Sunday,天皇誕生日
1990-12-24,1990,12,24,1,月,Monday,振替休日
1991-01-01,1991,1,1,2,火,Tuesday,元日
1991-01-15,1991,1,15,2,火,Tuesday,成人の日
1991-02-11,1991,2,11,1,月,Monday,建国記念の日
1991-04-29,1991,4,29,1,月,Monday,みどりの日
1991-05-03,1991,5,3,5,金,Friday,憲法記念日
1991-05-04,1991,5,4,6,土,Saturday,国民の休日
1991-05-05,1991,5,5,0,日,Sunday,こどもの日
1991-05-06,1991,5,6,1,月,Monday,振替休日
1991-09-15,1991,9,15,0,日,Sunday,敬老の日
1991-09-16,1991,9,16,1,月,Monday,振替休日
1991-10-10,1991,10,10,4,木,Thursday,体育の日
1991-11-03,1991,11,3,0,日,Sunday,文化の日
1991-11-04,1991,11,4,1,月,Monday,振替休日
1991-11-23,1991,11,23,6,土,Saturday,勤労感謝の日
1991-12-23,1991,12,23,1,月,Monday,天皇誕生日
1992-01-01,1992,1,1,3,水,Wednesday,元日
1992-01-15,1992,1,15,3,水,Wednesday,成人の日
1992-02-11,1992,2,11,2,火,Tuesday,建国記念の日
1992-04-29,1992,4,29,3,水,Wednesday,みどりの日
1992-05-03,1992,5,3,0,日,Sunday,憲法記念日
1992-05-04,1992,5,4,1,月,Monday,振替休日
1992-05-05,1992,5,5,2,火,Tuesday,こどもの日
1992-09-15,1992,9,15,2,火,Tuesday,敬老の日
1992-10-10,1992,10,10,6,土,Saturday,体育の日
1992-11-03,1992,11,3,2,火,Tuesday,文化の日
1992-11-23,1992,11,23,1,月,Monday,勤労感謝の日
1992-12-23,1992,12,23,3,水,Wednesday,天皇誕生日
1993-01-01,1993,1,1,5,金,Friday,元日
1993-01-15,1993,1,15,5,金,Friday,成人の日
1993-02-11,1993,2,11,4,木,Thursday,建国記念の日
1993-04-29,1993,4,29,4,木,Thursday,みどりの日
1993-05-03,1993,5,3,1,月,Monday,憲法記念日
1993-05-04,1993,5,4,2,火,Tuesday,国民の休日
1993-05-05,1993,5,5,3,水,Wednesday,こどもの日
1993-06-09,1993,6,9,3,水,Wednesday,皇太子・徳仁親王の結婚の儀
1993-09-15,1993,9,15,3,水,Wednesday,敬老の日
1993-10-10,1993,10,10,0,日,Sunday,体育の日
1993-10-11,1993,10,11,1,月,Monday,振替休日
1993-11-03,1993,11,3,3,水,Wednesday,文化の日
1993-11-23,1993,11,23,2,火,Tuesday,勤労感謝の日
1993-12-23,1993,12,23,4,木,Thursday,天皇誕生日
1994-01-01,1994,1,1,6,土,Saturday,元日
1994-01-15,1994,1,15,6,土,Saturday,成人の日
1994-02-11,1994,2,11,5,金,Friday,建国記念の日
1994-04-29,1994,4,29,5,金,Friday,みどりの日
1994-05-03,1994,5,3,2,火,Tuesday,憲法記念日
1994-05-04,1994,5,4,3,水,Wednesday,国民の休日
1994-05-05,1994,5,5,4,木,Thursday,こどもの日
1994-09-15,1994,9,15,4,木,Thursday,敬老の日
1994-10-10,1994,10,10,1,月,Monday,体育の日
1994-11-03,1994,11,3,4,木,Thursday,文化の日
1994-11-23,1994,11,23,3,水,Wednesday,勤労感謝の日
1994-12-23,1994,12,23,5,金,Friday,天皇誕生日
1995-01-01,1995,1,1,0,日,Sunday,元日
1995-01-02,1995,1,2,1,月,Monday,振替休日
1995-01-15,1995,1,15,0,日,Sunday,成人の日
1995-01-16,1995,1,16,1,月,Monday,振替休日
1995-02-11,1995,2,11,6,土,Saturday,建国記念の日
1995-04-29,1995,4,29,6,土,Saturday,みどりの日
1995-05-03,1995,5,3,3,水,Wednesday,憲法記念日
1995-05-04,1995,5,4,4,木,Thursday,国民の休日
1995-05-05,1995,5,5,5,金,Friday,こどもの日
1995-09-15,1995,9,15,5,金,Friday,敬老の日
1995-10-10,1995,10,10,2,火,Tuesday,体育の日
1995-11-03,1995,11,3,5,金,Friday,文化の日
1995-11-23,1995,11,23,4,木,Thursday,勤労感謝の日
1995-12-23,1995,12,23,6,土,Saturday,天皇誕生日
1996-01-01,1996,1,1,1,月,Monday,元日
1996-01-15,1996,1,15,1,月,Monday,成人の日
1996-02-11,1996,2,11,0,日,Sunday,建国記念の日
1996-02-12,1996,2,12,1,月,Monday,振替休日
1996-04-29,1996,4,29,1,月,Monday,みどりの日
1996-05-03,1996,5,3,5,金,Friday,憲法記念日
1996-05-04,1996,5,4,6,土,Saturday,国民の休日
1996-05-05,1996,5,5,0,日,Sunday,こどもの日
1996-05-06,1996,5,6,1,月,Monday,振替休日
1996-07-20,1996,7,20,6,土,Saturday,海の日
1996-09-15,1996,9,15,0,日,Sunday,敬老の日
1996-09-16,1996,9,16,1,月,Monday,振替休日
1996-10-10,1996,10,10,4,木,Thursday,体育の日
1996-11-03,1996,11,3,0,日,Sunday,文化の日
1996-11-04,1996,11,4,1,月,Monday,振替休日
1996-11-23,1996,11,23,6,土,Saturday,勤労感謝の日
1996-12-23,1996,12,23,1,月,Monday,天皇誕生日
1997-01-01,1997,1,1,3,水,Wednesday,元日
1997-01-15,1997,1,15,3,水,Wednesday,成人の日
1997-02-11,1997,2,11,2,火,Tuesday,建国記念の日
1997-04-29,1997,4,29,2,火,Tuesday,みどりの日
1997-05-03,1997,5,3,6,土,Saturday,憲法記念日
1997-05-05,1997,5,5,1,月,Monday,こどもの日
1997-07-20,1997,7,20,0,日,Sunday,海の日
1997-07-21,1997,7,21,1,月,Monday,振替休日
1997-09-15,1997,9,15,1,月,Monday,敬老の日
1997-10-10,1997,10,10,5,金,Friday,体育の日
1997-11-03,1997,11,3,1,月,Monday,文化の日
1997-11-23,1997,11,23,0,日,Sunday,勤労感謝の日
1997-11-24,1997,11,24,1,月,Monday,振替休日
1997-12-23,1997,12,23,2,火,Tuesday,天皇誕生日
1998-01-01,1998,1,1,4,木,Thursday,元日
1998-01-15,1998,1,15,4,木,Thursday,成人の日
1998-02-11,1998,2,11,3,水,Wednesday,建国記念の日
1998-04-29,1998,4,29,3,水,Wednesday,みどりの日
1998-05-03,1998,5,3,0,日,Sunday,憲法記念日
1998-05-04,1998,5,4,1,月,Monday,振替休日
1998-05-05,1998,5,5,2,火,Tuesday,こどもの日
1998-07-20,1998,7,20,1,月,Monday,海の日
1998-09-15,1998,9,15,2,火,Tuesday,敬老の日
1998-10-10,1998,10,10,6,土,Saturday,体育の日
1998-11-03,1998,11,3,2,火,Tuesday,文化の日
1998-11-23,1998,11,23,1,月,Monday,勤労感謝の日
1998-12-23,1998,12,23,3,水,Wednesday,天皇誕生日
1999-01-01,1999,1,1,5,金,Friday,元日
1999-01-15,1999,1,15,5,金,Friday,成人の日
1999-02-11,1999,2,11,4,木,Thursday,建国記念の日
1999-03-22,1999,3,22,1,月,Monday,振替休日
1999-04-29,1999,4,29,4,木,Thursday,みどりの日
1999-05-03,1999,5,3,1,月,Monday,憲法記念日
1999-05-04,1999,5,4,2,火,Tuesday,国民の休日
1999-05-05,1999,5,5,3,水,Wednesday,こどもの日
1999-07-20,1999,7,20,2,火,Tuesday,海の日
1999-09-15,1999,9,15,3,水,Wednesday,敬老の日
1999-10-10,1999,10,10,0,日,Sunday,体育の日
1999-10-11,1999,10,11,1,月,Monday,振替休日
1999-11-03,1999,11,3,3,水,Wednesday,文化の日
1999-11-23,1999,11,23,2,火,Tuesday,勤労感謝の日
1999-12-23,1999,12,23,4,木,Thursday,天皇誕生日
2000-01-01,2000,1,1,6,土,Saturday,元日
2000-01-10,2000,1,10,1,月,Monday,成人の日
2000-02-11,2000,2,11,5,金,Friday,建国記念の日
2000-03-20,2000,3,20,1,月,Monday,春分の日
2000-04-29,2000,4,29,6,土,Saturday,みどりの日
2000-05-03,2000,5,3,3,水,Wednesday,憲法記念日
2000-05-04,2000,5,4,4,木,Thursday,国民の休日
2000-05-05,2000,5,5,5,金,Friday,こどもの日
2000-07-20,2000,7,20,4,木,Thursday,海の日
2000-09-15,2000,9,15,5,金,Friday,敬老の日
2000-09-23,2000,9,23,6,土,Saturday,秋分の日
2000-10-09,2000,10,9,1,月,Monday,体育の日
2000-11-03,2000,11,3,5,金,Friday,文化の日
2000-11-23,2000,11,23,4,木,Thursday,勤労感謝の日
2000-12-23,2000,12,23,6,土,Saturday,天皇誕生日
2001-01-01,2001,1,1,1,月,Monday,元日
2001-01-08,2001,1,8,1,月,Monday,成人の日
2001-02-11,2001,2,11,0,日,Sunday,建国記念の日
2001-02-12,2001,2,12,1,月,Monday,振替休日
2001-03-20,2001,3,20,2,火,Tuesday,春分の日
2001-04-29,2001,4,29,0,日,Sunday,みどりの日
2001-04-30,2001,4,30,1,月,Monday,振替休日
2001-05-03,2001,5,3,4,木,Thursday,憲法記念日
2001-05-04,2001,5,4,5,金,Friday,国民の休日
2001-05-05,2001,5,5,6,土,Saturday,こどもの日
2001-07-20,2001,7,20,5,金,Friday,海の日
2001-09-15,2001,9,15,6,土,Saturday,敬老の日
2001-09-23,2001,9,23,0,日,Sunday,秋分の日
2001-09-24,2001,9,24,1,月,Monday,振替休日
2001-10-08,2001,10,8,1,月,Monday,体育の日
2001-11-03,2001,11,3,6,土,Saturday,文化の日
2001-11-23,2001,11,23,5,金,Friday,勤労感謝の日
2001-12-23,2001,12,23,0,日,Sunday,天皇誕生日
2001-12-24,2001,12,24,1,月,Monday,振替休日
2002-01-01,2002,1,1,2,火,Tuesday,元日
2002-01-14,2002,1,14,1,月,Monday,成人の日
2002-02-11,2002,2,11,1,月,Monday,建国記念の日
2002-03-21,2002,3,21,4,木,Thursday,春分の日
2002-04-29,2002,4,29,1,月,Monday,みどりの日
2002-05-03,2002,5,3,5,金,Friday,憲法記念日
2002-05-04,2002,5,4,6,土,Saturday,国民の休日
2002-05-05,2002,5,5,0,日,Sunday,こどもの日
2002-05-06,2002,5,6,1,月,Monday,振替休日
2002-07-20,2002,7,20,6,土,Saturday,海の日
2002-09-15,2002,9,15,0,日,Sunday,敬老の日
2002-09-16,2002,9,16,1,月,Monday,振替休日
2002-09-23,2002,9,23,1,月,Monday,秋分の日
2002-10-14,2002,10,14,1,月,Monday,体育の日
2002-11-03,2002,11,3,0,日,Sunday,文化の日
2002-11-04,2002,11,4,1,月,Monday,振替休日
2002-11-23,2002,11,23,6,土,Saturday,勤労感謝の日
2002-12-23,2002,12,23,1,月,Monday,天皇誕生日
2003-01-01,2003,1,1,3,水,Wednesday,元日
2003-01-13,2003,1,13,1,月,Monday,成人の日
2003-02-11,2003,2,11,2,火,Tuesday,建国記念の日
2003-03-21,2003,3,21,5,金,Friday,春分の日
2003-04-29,2003,4,29,2,火,Tuesday,みどりの日
2003-05-03,2003,5,3,6,土,Saturday,憲法記念日
2003-05-05,2003,5,5,1,月,Monday,こどもの日
2003-07-21,2003,7,21,1,月,Monday,海の日
2003-09-15,2003,9,15,1,月,Monday,敬老の日
2003-09-23,2003,9,23,2,火,Tuesday,秋分の日
2003-10-13,2003,10,13,1,月,Monday,体育の日
2003-11-03,2003,11,3,1,月,Monday,文化の日
2003-11-23,2003,11,23,0,日,Sunday,勤労感謝の日
2003-11-24,2003,11,24,1,月,Monday,振替休日
2003-12-23,2003,12,23,2,火,Tuesday,天皇誕生日
2004-01-01,2004,1,1,4,木,Thursday,元日
2004-01-12,2004,1,12,1,月,Monday,成人の日
2004-02-11,2004,2,11,3,水,Wednesday,建国記念の日
2004-03-20,2004,3,20,6,土,Saturday,春分の日
2004-04-29,2004,4,29,4,木,Thursday,みどりの日
2004-05-03,2004,5,3,1,月,Monday,憲法記念日
2004-05-04,2004,5,4,2,火,Tuesday,国民の休日
2004-05-05,2004,5,5,3,水,Wednesday,こどもの日
2004-07-19,2004,7,19,1,月,Monday,海の日
2004-09-20,2004,9,20,1,月,Monday,敬老の日
2004-09-23,2004,9,23,4,木,Thursday,秋分の日
2004-10-11,2004,10,11,1,月,Monday,体育の日
2004-11-03,2004,11,3,3,水,Wednesday,文化の日
2004-11-23,2004,11,23,2,火,Tuesday,勤労感謝の日
2004-12-23,2004,12,23,4,木,Thursday,天皇誕生日
2005-01-01,2005,1,1,6,土,Saturday,元日
2005-01-10,2005,1,10,1,月,Monday,成人の日
2005-02-11,2005,2,11,5,金,Friday,建国記念の日
2005-03-20,2005,3,20,0,日,Sunday,春分の日
2005-03-21,2005,3,21,1,月,Monday,振替休日
2005-04-29,2005,4,29,5,金,Friday,みどりの日
2005-05-03,2005,5,3,2,火,Tuesday,憲法記念日
2005-05-04,2005,5,4,3,水,Wednesday,国民の休日
2005-05-05,2005,5,5,4,木,Thursday,こどもの日
2005-07-18,2005,7,18,1,月,Monday,海の日
2005-09-19,2005,9,19,1,月,Monday,敬老の日
2005-09-23,2005,9,23,5,金,Friday,秋分の日
2005-10-10,2005,10,10,1,月,Monday,体育の日
2005-11-03,2005,11,3,4,木,Thursday,文化の日
2005-11-23,2005,11,23,3,水,Wednesday,勤労感謝の日
2005-12-23,2005,12,23,5,金,Friday,天皇誕生日
2006-01-01,2006,1,1,0,日,Sunday,元日
2006-01-02,2006,1,2,1,月,Monday,振替休日
2006-01-09,2006,1,9,1,月,Monday,成人の日
2006-02-11,2006,2,11,6,土,Saturday,建国記念の日
2006-03-21,2006,3,21,2,火,Tuesday,春分の日
2006-04-29,2006,4,29,6,土,Saturday,みどりの日
2006-05-03,2006,5,3,3,水,Wednesday,憲法記念日
2006-05-04,2006,5,4,4,木,Thursday,国民の休日
2006-05-05,2006,5,5,5,金,Friday,こどもの日
2006-07-17,2006,7,17,1,月,Monday,海の日
2006-09-18,2006,9,18,1,月,Monday,敬老の日
2006-09-23,2006,9,23,6,土,Saturday,秋分の日
2006-10-09,2006,10,9,1,月,Monday,体育の日
2006-11-03,2006,11,3,5,金,Friday,文化の日
2006-11-23,2006,11,23,4,木,Thursday,勤労感謝の日
2006-12-23,2006,12,23,6,土,Saturday,天皇誕生日
2007-01-01,2007,1,1,1,月,Monday,元日
2007-01-08,2007,1,8,1,月,Monday,成人の日
2007-02-11,2007,2,11,0,日,Sunday,建国記念の日
2007-02-12,2007,2,12,1,月,Monday,振替休日
2007-03-21,2007,3,21,3,水,Wednesday,春分の日
2007-04-29,2007,4,29,0,日,Sunday,昭和の日
2007-04-30,2007,4,30,1,月,Monday,振替休日
2007-05-03,2007,5,3,4,木,Thursday,憲法記念日
2007-05-04,2007,5,4,5,金,Friday,みどりの日
2007-05-05,2007,5,5,6,土,Saturday,こどもの日
2007-07-16,2007,7,16,1,月,Monday,海の日
2007-09-17,2007,9,17,1,月,Monday,敬老の日
2007-09-23,2007,9,23,0,日,Sunday,秋分の日
2007-09-24,2007,9,24,1,月,Monday,振替休日
2007-10-08,2007,10,8,1,月,Monday,体育の日
2007-11-03,2007,11,3,6,土,Saturday,文化の日
2007-11-23,2007,11,23,5,金,Friday,勤労感謝の日
2007-12-23,2007,12,23,0,日,Sunday,天皇誕生日
2007-12-24,2007,12,24,1,月,Monday,振替休日
2008-01-01,2008,1,1,2,火,Tuesday,元日
2008-01-14,2008,1,14,1,月,Monday,成人の日
2008-02-11,2008,2,11,1,月,Monday,建国記念の日
2008-03-20,2008,3,20,4,木,Thursday,春分の日
2008-04-29,2008,4,29,2,火,Tuesday,昭和の日
2008-05-03,2008,5,3,6,土,Saturday,憲法記念日
2008-05-04,2008,5,4,0,日,Sunday,みどりの日
2008-05-05,2008,5,5,1,月,Monday,こどもの日
2008-05-06,2008,5,6,2,火,Tuesday,振替休日
2008-07-21,2008,7,21,1,月,Monday,海の日
2008-09-15,2008,9,15,1,月,Monday,敬老の日
2008-09-23,2008,9,23,2,火,Tuesday,秋分の日
2008-10-13,2008,10,13,1,月,Monday,体育の日
2008-11-03,2008,11,3,1,月,Monday,文化の日
2008-11-23,2008,11,23,0,日,Sunday,勤労感謝の日
2008-11-24,2008,11,24,1,月,Monday,振替休日
2008-12-23,2008,12,23,2,火,Tuesday,天皇誕生日
2009-01-01,2009,1,1,4,木,Thursday,元日
2009-01-12,2009,1,12,1,月,Monday,成人の日
2009-02-11,2009,2,11,3,水,Wednesday,建国記念の日
2009-03-20,2009,3,20,5,金,Friday,春分の日
2009-04-29,2009,4,29,3,水,Wednesday,昭和の日
2009-05-03,2009,5,3,0,日,Sunday,憲法記念日
2009-05-04,2009,5,4,1,月,Monday,みどりの日
2009-05-05,2009,5,5,2,火,Tuesday,こどもの日
2009-05-06,2009,5,6,3,水,Wednesday,振替休日
2009-07-20,2009,7,20,1,月,Monday,海の日
2009-09-21,2009,9,21,1,月,Monday,敬老の日
2009-09-22,2009,9,22,2,火,Tuesday,国民の休日
2009-09-23,2009,9,23,3,水,Wednesday,秋分の日
2009-10-12,2009,10,12,1,月,Monday,体育の日
2009-11-03,2009,11,3,2,火,Tuesday,文化の日
2009-11-23,2009,11,23,1,月,Monday,勤労感謝の日
2009-12-23,2009,12,23,3,水,Wednesday,天皇誕生日
2010-01-01,2010,1,1,5,金,Friday,元日
2010-01-11,2010,1,11,1,月,Monday,成人の日
2010-02-11,2010,2,11,4,木,Thursday,建国記念の日
2010-03-21,2010,3,21,0,日,Sunday,春分の日
2010-03-22,2010,3,22,1,月,Monday,振替休日
2010-04-29,2010,4,29,4,木,Thursday,昭和の日
2010-05-03,2010,5,3,1,月,Monday,憲法記念日
2010-05-04,2010,5,4,2,火,Tuesday,みどりの日
2010-05-05,2010,5,5,3,水,Wednesday,こどもの日
2010-07-19,2010,7,19,1,月,Monday,海の日
2010-09-20,2010,9,20,1,月,Monday,敬老の日
2010-09-23,2010,9,23,4,木,Thursday,秋分の日
2010-10-11,2010,10,11,1,月,Monday,体育の日
2010-11-03,2010,11,3,3,水,Wednesday,文化の日
2010-11-23,2010,11,23,2,火,Tuesday,勤労感謝の日
2010-12-23,2010,12,23,4,木,Thursday,天皇誕生日
2011-01-01,2011,1,1,6,土,Saturday,元日
2011-01-10,2011,1,10,1,月,Monday,成人の日
2011-02-11,2011,2,11,5,金,Friday,建国記念の日
2011-03-21,2011,3,21,1,月,Monday,春分の日
2011-04-29,2011,4,29,5,金,Friday,昭和の日
2011-05-03,2011,5,3,2,火,Tuesday,憲法記念日
2011-05-04,2011,5,4,3,水,Wednesday,みどりの日
2011-05-05,2011,5,5,4,木,Thursday,こどもの日
2011-07-18,2011,7,18,1,月,Monday,海の日
2011-09-19,2011,9,19,1,月,Monday,敬老の日
2011-09-23,2011,9,23,5,金,Friday,秋分の日
2011-10-10,2011,10,10,1,月,Monday,体育の日
2011-11-03,2011,11,3,4,木,Thursday,文化の日
2011-11-23,2011,11,23,3,水,Wednesday,勤労感謝の日
2011-12-23,2011,12,23,5,金,Friday,天皇誕生日
2012-01-01,2012,1,1,0,日,Sunday,元日
2012-01-02,2012,1,2,1,月,Monday,振替休日
2012-01-09,2012,1,9,1,月,Monday,成人の日
2012-02-11,2012,2,11,6,土,Saturday,建国記念の日
2012-03-20,2012,3,20,2,火,Tuesday,春分の日
2012-04-29,2012,4,29,0,日,Sunday,昭和の日
2012-04-30,2012,4,30,1,月,Monday,振替休日
2012-05-03,2012,5,3,4,木,Thursday,憲法記念日
2012-05-04,2012,5,4,5,金,Friday,みどりの日
2012-05-05,2012,5,5,6,土,Saturday,こどもの日
2012-07-16,2012,7,16,1,月,Monday,海の日
2012-09-17,2012,9,17,1,月,Monday,敬老の日
2012-09-22,2012,9,22,6,土,Saturday,秋分の日
2012-10-08,2012,10,8,1,月,Monday,体育の日
2012-11-03,2012,11,3,6,土,Saturday,文化の日
2012-11-23,2012,11,23,5,金,Friday,勤労感謝の日
2012-12-23,2012,12,23,0,日,Sunday,天皇誕生日
2012-12-24,2012,12,24,1,月,Monday,振替休日
2013-01-01,2013,1,1,2,火,Tuesday,元日
2013-01-14,2013,1,14,1,月,Monday,成人の日
2013-02-11,2013,2,11,1,月,Monday,建国記念の日
2013-03-20,2013,3,20,3,水,Wednesday,春分の日
2013-04-29,2013,4,29,1,月,Monday,昭和の日
2013-05-03,2013,5,3,5,金,Friday,憲法記念日
2013-05-04,2013,5,4,6,土,Saturday,みどりの日
2013-05-05,2013,5,5,0,日,Sunday,こどもの日
2013-05-06,2013,5,6,1,月,Monday,振替休日
2013-07-15,2013,7,15,1,月,Monday,海の日
2013-09-16,2013,9,16,1,月,Monday,敬老の日
2013-09-23,2013,9,23,1,月,Monday,秋分の日
2013-10-14,2013,10,14,1,月,Monday,体育の日
2013-11-03,2013,11,3,0,日,Sunday,文化の日
2013-11-04,2013,11,4,1,月,Monday,振替休日
2013-11-23,2013,11,23,6,土,Saturday,勤労感謝の日
2013-12-23,2013,12,23,1,月,Monday,天皇誕生日
2014-01-01,2014,1,1,3,水,Wednesday,元日
2014-01-13,2014,1,13,1,月,Monday,成人の日
2014-02-11,2014,2,11,2,火,Tuesday,建国記念の日
2014-03-21,2014,3,21,5,金,Friday,春分の日
2014-04-29,2014,4,29,2,火,Tuesday,昭和の日
2014-05-03,2014,5,3,6,土,Saturday,憲法記念日
2014-05-04,2014,5,4,0,日,Sunday,みどりの日
2014-05-05,2014,5,5,1,月,Monday,こどもの日
2014-05-06,2014,5,6,2,火,Tuesday,振替休日
2014-07-21,2014,7,21,1,月,Monday,海の日
2014-09-15,2014,9,15,1,月,Monday,敬老の日
2014-09-23,2014,9,23,2,火,Tuesday,秋分の日
2014-10-13,2014,10,13,1,月,Monday,体育の日
2014-11-03,2014,11,3,1,月,Monday,文化の日
2014-11-23,2014,11,23,0,日,Sunday,勤労感謝の日
2014-11-24,2014,11,24,1,月,Monday,振替休日
2014-12-23,2014,12,23,2,火,Tuesday,天皇誕生日
2015-01-01,2015,1,1,4,木,Thursday,元日
2015-01-12,2015,1,12,1,月,Monday,成人の日
2015-02-11,2015,2,11,3,水,Wednesday,建国記念の日
2015-03-21,2015,3,21,6,土,Saturday,春分の日
2015-04-29,2015,4,29,3,水,Wednesday,昭和の日
2015-05-03,2015,5,3,0,日,Sunday,憲法記念日
2015-05-04,2015,5,4,1,月,Monday,みどりの日
2015-05-05,2015,5,5,2,火,Tuesday,こどもの日
2015-05-06,2015,5,6,3,水,Wednesday,振替休日
2015-07-20,2015,7,20,1,月,Monday,海の日
2015-09-21,2015,9,21,1,月,Monday,敬老の日
2015-09-22,2015,9,22,2,火,Tuesday,国民の休日(敬老の日と秋分の日)
2015-09-23,2015,9,23,3,水,Wednesday,秋分の日
2015-10-12,2015,10,12,1,月,Monday,体育の日
2015-11-03,2015,11,3,2,火,Tuesday,文化の日
2015-11-23,2015,11,23,1,月,Monday,勤労感謝の日
2015-12-23,2015,12,23,3,水,Wednesday,天皇誕生日
2016-01-01,2016,1,1,5,金,Friday,元日
2016-01-11,2016,1,11,1,月,Monday,成人の日
2016-02-11,2016,2,11,4,木,Thursday,建国記念の日
2016-03-20,2016,3,20,0,日,Sunday,春分の日
2016-03-21,2016,3,21,1,月,Monday,振替休日(春分の日)
2016-04-29,2016,4,29,5,金,Friday,昭和の日
2016-05-03,2016,5,3,2,火,Tuesday,憲法記念日
2016-05-04,2016,5,4,3,水,Wednesday,みどりの日
2016-05-05,2016,5,5,4,木,Thursday,こどもの日
2016-07-18,2016,7,18,1,月,Monday,海の日
2016-08-11,2016,8,11,4,木,Thursday,山の日
2016-09-19,2016,9,19,1,月,Monday,敬老の日
2016-09-22,2016,9,22,4,木,Thursday,秋分の日
2016-10-10,2016,10,10,1,月,Monday,体育の日
2016-11-03,2016,11,3,4,木,Thursday,文化の日
2016-11-23,2016,11,23,3,水,Wednesday,勤労感謝の日
2016-12-23,2016,12,23,5,金,Friday,天皇誕生日
2017-01-01,2017,1,1,0,日,Sunday,元日
2017-01-02,2017,1,2,1,月,Monday,振替休日(元日)
2017-01-09,2017,1,9,1,月,Monday,成人の日
2017-02-11,2017,2,11,6,土,Saturday,建国記念の日
2017-03-20,2017,3,20,1,月,Monday,春分の日
2017-04-29,2017,4,29,6,土,Saturday,昭和の日
2017-05-03,2017,5,3,3,水,Wednesday,憲法記念日
2017-05-04,2017,5,4,4,木,Thursday,みどりの日
2017-05-05,2017,5,5,5,金,Friday,こどもの日
2017-07-17,2017,7,17,1,月,Monday,海の日
2017-08-11,2017,8,11,5,金,Friday,山の日
2017-09-18,2017,9,18,1,月,Monday,敬老の日
2017-09-23,2017,9,23,6,土,Saturday,秋分の日
2017-10-09,2017,10,9,1,月,Monday,体育の日
2017-11-03,2017,11,3,5,金,Friday,文化の日
2017-11-23,2017,11,23,4,木,Thursday,勤労感謝の日
2017-12-23,2017,12,23,6,土,Saturday,天皇誕生日
2018-01-01,2018,1,1,1,月,Monday,元日
2018-01-08,2018,1,8,1,月,Monday,成人の日
2018-02-11,2018,2,11,0,日,Sunday,建国記念の日
2018-02-12,2018,2,12,1,月,Monday,振替休日
2018-03-21,2018,3,21,3,水,Wednesday,春分の日(未確定)
2018-04-29,2018,4,29,0,日,Sunday,昭和の日
2018-04-30,2018,4,30,1,月,Monday,振替休日
2018-05-03,2018,5,3,4,木,Thursday,憲法記念日
2018-05-04,2018,5,4,5,金,Friday,みどりの日
2018-05-05,2018,5,5,6,土,Saturday,こどもの日
2018-07-16,2018,7,16,1,月,Monday,海の日
2018-08-11,2018,8,11,6,土,Saturday,山の日
2018-09-17,2018,9,17,1,月,Monday,敬老の日
2018-09-23,2018,9,23,0,日,Sunday,秋分の日(未確定)
2018-09-24,2018,9,24,1,月,Monday,振替休日
2018-10-08,2018,10,8,1,月,Monday,体育の日
2018-11-03,2018,11,3,6,土,Saturday,文化の日
2018-11-23,2018,11,23,5,金,Friday,勤労感謝の日
2018-12-23,2018,12,23,0,日,Sunday,天皇誕生日
2018-12-24,2018,12,24,1,月,Monday,振替休日
2019-01-01,2019,1,1,2,火,Tuesday,元日
2019-01-14,2019,1,14,1,月,Monday,成人の日
2019-02-11,2019,2,11,1,月,Monday,建国記念の日
2019-03-21,2019,3,21,4,木,Thursday,春分の日(未確定)
2019-04-29,2019,4,29,1,月,Monday,昭和の日
2019-05-03,2019,5,3,5,金,Friday,憲法記念日
2019-05-04,2019,5,4,6,土,Saturday,みどりの日
2019-05-05,2019,5,5,0,日,Sunday,こどもの日
2019-05-06,2019,5,6,1,月,Monday,振替休日
2019-07-15,2019,7,15,1,月,Monday,海の日
2019-08-11,2019,8,11,0,日,Sunday,山の日
2019-08-12,2019,8,12,1,月,Monday,振替休日
2019-09-16,2019,9,16,1,月,Monday,敬老の日
2019-09-23,2019,9,23,1,月,Monday,秋分の日(未確定)
2019-10-14,2019,10,14,1,月,Monday,体育の日
2019-11-03,2019,11,3,0,日,Sunday,文化の日
2019-11-04,2019,11,4,1,月,Monday,振替休日
2019-11-23,2019,11,23,6,土,Saturday,勤労感謝の日
2019-12-23,2019,12,23,1,月,Monday,天皇誕生日
2020-01-01,2020,1,1,3,水,Wednesday,元日
2020-01-13,2020,1,13,1,月,Monday,成人の日
2020-02-11,2020,2,11,2,火,Tuesday,建国記念の日
2020-03-20,2020,3,20,5,金,Friday,春分の日(未確定)
2020-04-29,2020,4,29,3,水,Wednesday,昭和の日
2020-05-03,2020,5,3,0,日,Sunday,憲法記念日
2020-05-04,2020,5,4,1,月,Monday,みどりの日
2020-05-05,2020,5,5,2,火,Tuesday,こどもの日
2020-05-06,2020,5,6,3,水,Wednesday,振替休日
2020-07-20,2020,7,20,1,月,Monday,海の日
2020-08-11,2020,8,11,2,火,Tuesday,山の日
2020-09-21,2020,9,21,1,月,Monday,敬老の日
2020-09-22,2020,9,22,2,火,Tuesday,秋分の日(未確定)
2020-10-12,2020,10,12,1,月,Monday,体育の日
2020-11-03,2020,11,3,2,火,Tuesday,文化の日
2020-11-23,2020,11,23,1,月,Monday,勤労感謝の日
2020-12-23,2020,12,23,3,水,Wednesday,天皇誕生日
2021-01-01,2021,1,1,5,金,Friday,元日
2021-01-11,2021,1,11,1,月,Monday,成人の日
2021-02-11,2021,2,11,4,木,Thursday,建国記念の日
2021-03-20,2021,3,20,6,土,Saturday,春分の日(未確定)
2021-04-29,2021,4,29,4,木,Thursday,昭和の日
2021-05-03,2021,5,3,1,月,Monday,憲法記念日
2021-05-04,2021,5,4,2,火,Tuesday,みどりの日
2021-05-05,2021,5,5,3,水,Wednesday,こどもの日
2021-07-19,2021,7,19,1,月,Monday,海の日
2021-08-11,2021,8,11,3,水,Wednesday,山の日
2021-09-20,2021,9,20,1,月,Monday,敬老の日
2021-09-23,2021,9,23,4,木,Thursday,秋分の日(未確定)
2021-10-11,2021,10,11,1,月,Monday,体育の日
2021-11-03,2021,11,3,3,水,Wednesday,文化の日
2021-11-23,2021,11,23,2,火,Tuesday,勤労感謝の日
2021-12-23,2021,12,23,4,木,Thursday,天皇誕生日
2022-01-01,2022,1,1,6,土,Saturday,元日
2022-01-10,2022,1,10,1,月,Monday,成人の日
2022-02-11,2022,2,11,5,金,Friday,建国記念の日
2022-03-21,2022,3,21,1,月,Monday,春分の日(未確定)
2022-04-29,2022,4,29,5,金,Friday,昭和の日
2022-05-03,2022,5,3,2,火,Tuesday,憲法記念日
2022-05-04,2022,5,4,3,水,Wednesday,みどりの日
2022-05-05,2022,5,5,4,木,Thursday,こどもの日
2022-07-18,2022,7,18,1,月,Monday,海の日
2022-08-11,2022,8,11,4,木,Thursday,山の日
2022-09-19,2022,9,19,1,月,Monday,敬老の日
2022-09-23,2022,9,23,5,金,Friday,秋分の日(未確定)
2022-10-10,2022,10,10,1,月,Monday,体育の日
2022-11-03,2022,11,3,4,木,Thursday,文化の日
2022-11-23,2022,11,23,3,水,Wednesday,勤労感謝の日
2022-12-23,2022,12,23,5,金,Friday,天皇誕生日
2023-01-01,2023,1,1,0,日,Sunday,元日
2023-01-02,2023,1,2,1,月,Monday,振替休日
2023-01-09,2023,1,9,1,月,Monday,成人の日
2023-02-11,2023,2,11,6,土,Saturday,建国記念の日
2023-03-21,2023,3,21,2,火,Tuesday,春分の日(未確定)
2023-04-29,2023,4,29,6,土,Saturday,昭和の日
2023-05-03,2023,5,3,3,水,Wednesday,憲法記念日
2023-05-04,2023,5,4,4,木,Thursday,みどりの日
2023-05-05,2023,5,5,5,金,Friday,こどもの日
2023-07-17,2023,7,17,1,月,Monday,海の日
2023-08-11,2023,8,11,5,金,Friday,山の日
2023-09-18,2023,9,18,1,月,Monday,敬老の日
2023-09-23,2023,9,23,6,土,Saturday,秋分の日(未確定)
2023-10-09,2023,10,9,1,月,Monday,体育の日
2023-11-03,2023,11,3,5,金,Friday,文化の日
2023-11-23,2023,11,23,4,木,Thursday,勤労感謝の日
2023-12-23,2023,12,23,6,土,Saturday,天皇誕生日
2024-01-01,2024,1,1,1,月,Monday,元日
2024-01-08,2024,1,8,1,月,Monday,成人の日
2024-02-11,2024,2,11,0,日,Sunday,建国記念の日
2024-02-12,2024,2,12,1,月,Monday,振替休日
2024-03-20,2024,3,20,3,水,Wednesday,春分の日(未確定)
2024-04-29,2024,4,29,1,月,Monday,昭和の日
2024-05-03,2024,5,3,5,金,Friday,憲法記念日
2024-05-04,2024,5,4,6,土,Saturday,みどりの日
2024-05-05,2024,5,5,0,日,Sunday,こどもの日
2024-05-06,2024,5,6,1,月,Monday,振替休日
2024-07-15,2024,7,15,1,月,Monday,海の日
2024-08-11,2024,8,11,0,日,Sunday,山の日
2024-08-12,2024,8,12,1,月,Monday,振替休日
2024-09-16,2024,9,16,1,月,Monday,敬老の日
2024-09-22,2024,9,22,0,日,Sunday,秋分の日(未確定)
2024-09-23,2024,9,23,1,月,Monday,振替休日
2024-10-14,2024,10,14,1,月,Monday,体育の日
2024-11-03,2024,11,3,0,日,Sunday,文化の日
2024-11-04,2024,11,4,1,月,Monday,振替休日
2024-11-23,2024,11,23,6,土,Saturday,勤労感謝の日
2024-12-23,2024,12,23,1,月,Monday,天皇誕生日
2025-01-01,2025,1,1,3,水,Wednesday,元日
2025-01-13,2025,1,13,1,月,Monday,成人の日
2025-02-11,2025,2,11,2,火,Tuesday,建国記念の日
2025-03-20,2025,3,20,4,木,Thursday,春分の日(未確定)
2025-04-29,2025,4,29,2,火,Tuesday,昭和の日
2025-05-03,2025,5,3,6,土,Saturday,憲法記念日
2025-05-04,2025,5,4,0,日,Sunday,みどりの日
2025-05-05,2025,5,5,1,月,Monday,こどもの日
2025-05-06,2025,5,6,2,火,Tuesday,振替休日
2025-07-21,2025,7,21,1,月,Monday,海の日
2025-08-11,2025,8,11,1,月,Monday,山の日
2025-09-15,2025,9,15,1,月,Monday,敬老の日
2025-09-23,2025,9,23,2,火,Tuesday,秋分の日(未確定)
2025-10-13,2025,10,13,1,月,Monday,体育の日
2025-11-03,2025,11,3,1,月,Monday,文化の日
2025-11-23,2025,11,23,0,日,Sunday,勤労感謝の日
2025-11-24,2025,11,24,1,月,Monday,振替休日
2025-12-23,2025,12,23,2,火,Tuesday,天皇誕生日
2026-01-01,2026,1,1,4,木,Thursday,元日
2026-01-12,2026,1,12,1,月,Monday,成人の日
2026-02-11,2026,2,11,3,水,Wednesday,建国記念の日
2026-03-20,2026,3,20,5,金,Friday,春分の日(未確定)
2026-04-29,2026,4,29,3,水,Wednesday,昭和の日
2026-05-03,2026,5,3,0,日,Sunday,憲法記念日
2026-05-04,2026,5,4,1,月,Monday,みどりの日
2026-05-05,2026,5,5,2,火,Tuesday,こどもの日
2026-05-06,2026,5,6,3,水,Wednesday,振替休日
2026-07-20,2026,7,20,1,月,Monday,海の日
2026-08-11,2026,8,11,2,火,Tuesday,山の日
2026-09-21,2026,9,21,1,月,Monday,敬老の日
2026-09-22,2026,9,22,2,火,Tuesday,国民の休日
2026-09-23,2026,9,23,3,水,Wednesday,秋分の日(未確定)
2026-10-12,2026,10,12,1,月,Monday,体育の日
2026-11-03,2026,11,3,2,火,Tuesday,文化の日
2026-11-23,2026,11,23,1,月,Monday,勤労感謝の日
2026-12-23,2026,12,23,3,水,Wednesday,天皇誕生日
2027-01-01,2027,1,1,5,金,Friday,元日
2027-01-11,2027,1,11,1,月,Monday,成人の日
2027-02-11,2027,2,11,4,木,Thursday,建国記念の日
2027-03-21,2027,3,21,0,日,Sunday,春分の日(未確定)
2027-03-22,2027,3,22,1,月,Monday,振替休日
2027-04-29,2027,4,29,4,木,Thursday,昭和の日
2027-05-03,2027,5,3,1,月,Monday,憲法記念日
2027-05-04,2027,5,4,2,火,Tuesday,みどりの日
2027-05-05,2027,5,5,3,水,Wednesday,こどもの日
2027-07-19,2027,7,19,1,月,Monday,海の日
2027-08-11,2027,8,11,3,水,Wednesday,山の日
2027-09-20,2027,9,20,1,月,Monday,敬老の日
2027-09-23,2027,9,23,4,木,Thursday,秋分の日(未確定)
2027-10-11,2027,10,11,1,月,Monday,体育の日
2027-11-03,2027,11,3,3,水,Wednesday,文化の日
2027-11-23,2027,11,23,2,火,Tuesday,勤労感謝の日
2027-12-23,2027,12,23,4,木,Thursday,天皇誕生日
2028-01-01,2028,1,1,6,土,Saturday,元日
2028-01-10,2028,1,10,1,月,Monday,成人の日
2028-02-11,2028,2,11,5,金,Friday,建国記念の日
2028-03-20,2028,3,20,1,月,Monday,春分の日(未確定)
2028-04-29,2028,4,29,6,土,Saturday,昭和の日
2028-05-03,2028,5,3,3,水,Wednesday,憲法記念日
2028-05-04,2028,5,4,4,木,Thursday,みどりの日
2028-05-05,2028,5,5,5,金,Friday,こどもの日
2028-07-17,2028,7,17,1,月,Monday,海の日
2028-08-11,2028,8,11,5,金,Friday,山の日
2028-09-18,2028,9,18,1,月,Monday,敬老の日
2028-09-22,2028,9,22,5,金,Friday,秋分の日(未確定)
2028-10-09,2028,10,9,1,月,Monday,体育の日
2028-11-03,2028,11,3,5,金,Friday,文化の日
2028-11-23,2028,11,23,4,木,Thursday,勤労感謝の日
2028-12-23,2028,12,23,6,土,Saturday,天皇誕生日
2029-01-01,2029,1,1,1,月,Monday,元日
2029-01-08,2029,1,8,1,月,Monday,成人の日
2029-02-11,2029,2,11,0,日,Sunday,建国記念の日
2029-02-12,2029,2,12,1,月,Monday,振替休日
2029-03-20,2029,3,20,2,火,Tuesday,春分の日(未確定)
2029-04-29,2029,4,29,0,日,Sunday,昭和の日
2029-04-30,2029,4,30,1,月,Monday,振替休日
2029-05-03,2029,5,3,4,木,Thursday,憲法記念日
2029-05-04,2029,5,4,5,金,Friday,みどりの日
2029-05-05,2029,5,5,6,土,Saturday,こどもの日
2029-07-16,2029,7,16,1,月,Monday,海の日
2029-08-11,2029,8,11,6,土,Saturday,山の日
2029-09-17,2029,9,17,1,月,Monday,敬老の日
2029-09-23,2029,9,23,0,日,Sunday,秋分の日(未確定)
2029-09-24,2029,9,24,1,月,Monday,振替休日
2029-10-08,2029,10,8,1,月,Monday,体育の日
2029-11-03,2029,11,3,6,土,Saturday,文化の日
2029-11-23,2029,11,23,5,金,Friday,勤労感謝の日
2029-12-23,2029,12,23,0,日,Sunday,天皇誕生日
2029-12-24,2029,12,24,1,月,Monday,振替休日
2030-01-01,2030,1,1,2,火,Tuesday,元日
2030-01-14,2030,1,14,1,月,Monday,成人の日
2030-02-11,2030,2,11,1,月,Monday,建国記念の日
2030-03-20,2030,3,20,3,水,Wednesday,春分の日(未確定)
2030-04-29,2030,4,29,1,月,Monday,昭和の日
2030-05-03,2030,5,3,5,金,Friday,憲法記念日
2030-05-04,2030,5,4,6,土,Saturday,みどりの日
2030-05-05,2030,5,5,0,日,Sunday,こどもの日
2030-05-06,2030,5,6,1,月,Monday,振替休日
2030-07-15,2030,7,15,1,月,Monday,海の日
2030-08-11,2030,8,11,0,日,Sunday,山の日
2030-08-12,2030,8,12,1,月,Monday,振替休日
2030-09-16,2030,9,16,1,月,Monday,敬老の日
2030-09-23,2030,9,23,1,月,Monday,秋分の日(未確定)
2030-10-14,2030,10,14,1,月,Monday,体育の日
2030-11-03,2030,11,3,0,日,Sunday,文化の日
2030-11-04,2030,11,4,1,月,Monday,振替休日
2030-11-23,2030,11,23,6,土,Saturday,勤労感謝の日
2030-12-23,2030,12,23,1,月,Monday,天皇誕生日
2031-01-01,2031,1,1,3,水,Wednesday,元日
2031-01-13,2031,1,13,1,月,Monday,成人の日
2031-02-11,2031,2,11,2,火,Tuesday,建国記念の日
2031-04-29,2031,4,29,2,火,Tuesday,昭和の日
2031-05-03,2031,5,3,6,土,Saturday,憲法記念日
2031-05-04,2031,5,4,0,日,Sunday,みどりの日
2031-05-05,2031,5,5,1,月,Monday,こどもの日
2031-05-06,2031,5,6,2,火,Tuesday,振替休日
2031-07-21,2031,7,21,1,月,Monday,海の日
2031-08-11,2031,8,11,1,月,Monday,山の日
2031-09-15,2031,9,15,1,月,Monday,敬老の日
2031-10-13,2031,10,13,1,月,Monday,体育の日
2031-11-03,2031,11,3,1,月,Monday,文化の日
2031-11-23,2031,11,23,0,日,Sunday,勤労感謝の日
2031-11-24,2031,11,24,1,月,Monday,振替休日
2031-12-23,2031,12,23,2,火,Tuesday,天皇誕生日
2032-01-01,2032,1,1,4,木,Thursday,元日
2032-01-12,2032,1,12,1,月,Monday,成人の日
2032-02-11,2032,2,11,3,水,Wednesday,建国記念の日
2032-04-29,2032,4,29,4,木,Thursday,昭和の日
2032-05-03,2032,5,3,1,月,Monday,憲法記念日
2032-05-04,2032,5,4,2,火,Tuesday,みどりの日
2032-05-05,2032,5,5,3,水,Wednesday,こどもの日
2032-07-19,2032,7,19,1,月,Monday,海の日
2032-08-11,2032,8,11,3,水,Wednesday,山の日
2032-09-20,2032,9,20,1,月,Monday,敬老の日
2032-09-21,2032,9,21,2,火,Tuesday,国民の休日
2032-10-11,2032,10,11,1,月,Monday,体育の日
2032-11-03,2032,11,3,3,水,Wednesday,文化の日
2032-11-23,2032,11,23,2,火,Tuesday,勤労感謝の日
2032-12-23,2032,12,23,4,木,Thursday,天皇誕生日
2033-01-01,2033,1,1,6,土,Saturday,元日
2033-01-10,2033,1,10,1,月,Monday,成人の日
2033-02-11,2033,2,11,5,金,Friday,建国記念の日
2033-03-21,2033,3,21,1,月,Monday,振替休日
2033-04-29,2033,4,29,5,金,Friday,昭和の日
2033-05-03,2033,5,3,2,火,Tuesday,憲法記念日
2033-05-04,2033,5,4,3,水,Wednesday,みどりの日
2033-05-05,2033,5,5,4,木,Thursday,こどもの日
2033-07-18,2033,7,18,1,月,Monday,海の日
2033-08-11,2033,8,11,4,木,Thursday,山の日
2033-09-19,2033,9,19,1,月,Monday,敬老の日
2033-10-10,2033,10,10,1,月,Monday,体育の日
2033-11-03,2033,11,3,4,木,Thursday,文化の日
2033-11-23,2033,11,23,3,水,Wednesday,勤労感謝の日
2033-12-23,2033,12,23,5,金,Friday,天皇誕生日
2034-01-01,2034,1,1,0,日,Sunday,元日
2034-01-02,2034,1,2,1,月,Monday,振替休日
2034-01-09,2034,1,9,1,月,Monday,成人の日
2034-02-11,2034,2,11,6,土,Saturday,建国記念の日
2034-04-29,2034,4,29,6,土,Saturday,昭和の日
2034-05-03,2034,5,3,3,水,Wednesday,憲法記念日
2034-05-04,2034,5,4,4,木,Thursday,みどりの日
2034-05-05,2034,5,5,5,金,Friday,こどもの日
2034-07-17,2034,7,17,1,月,Monday,海の日
2034-08-11,2034,8,11,5,金,Friday,山の日
2034-09-18,2034,9,18,1,月,Monday,敬老の日
2034-10-09,2034,10,9,1,月,Monday,体育の日
2034-11-03,2034,11,3,5,金,Friday,文化の日
2034-11-23,2034,11,23,4,木,Thursday,勤労感謝の日
2034-12-23,2034,12,23,6,土,Saturday,天皇誕生日
2035-01-01,2035,1,1,1,月,Monday,元日
2035-01-08,2035,1,8,1,月,Monday,成人の日
2035-02-11,2035,2,11,0,日,Sunday,建国記念の日
2035-02-12,2035,2,12,1,月,Monday,振替休日
2035-04-29,2035,4,29,0,日,Sunday,昭和の日
2035-04-30,2035,4,30,1,月,Monday,振替休日
2035-05-03,2035,5,3,4,木,Thursday,憲法記念日
2035-05-04,2035,5,4,5,金,Friday,みどりの日
2035-05-05,2035,5,5,6,土,Saturday,こどもの日
2035-07-16,2035,7,16,1,月,Monday,海の日
2035-08-11,2035,8,11,6,土,Saturday,山の日
2035-09-17,2035,9,17,1,月,Monday,敬老の日
2035-09-24,2035,9,24,1,月,Monday,振替休日
2035-10-08,2035,10,8,1,月,Monday,体育の日
2035-11-03,2035,11,3,6,土,Saturday,文化の日
2035-11-23,2035,11,23,5,金,Friday,勤労感謝の日
2035-12-23,2035,12,23,0,日,Sunday,天皇誕生日
2035-12-24,2035,12,24,1,月,Monday,振替休日
2036-01-01,2036,1,1,2,火,Tuesday,元日
2036-01-14,2036,1,14,1,月,Monday,成人の日
2036-02-11,2036,2,11,1,月,Monday,建国記念の日
2036-04-29,2036,4,29,2,火,Tuesday,昭和の日
2036-05-03,2036,5,3,6,土,Saturday,憲法記念日
2036-05-04,2036,5,4,0,日,Sunday,みどりの日
2036-05-05,2036,5,5,1,月,Monday,こどもの日
2036-05-06,2036,5,6,2,火,Tuesday,振替休日
2036-07-21,2036,7,21,1,月,Monday,海の日
2036-08-11,2036,8,11,1,月,Monday,山の日
2036-09-15,2036,9,15,1,月,Monday,敬老の日
2036-10-13,2036,10,13,1,月,Monday,体育の日
2036-11-03,2036,11,3,1,月,Monday,文化の日
2036-11-23,2036,11,23,0,日,Sunday,勤労感謝の日
2036-11-24,2036,11,24,1,月,Monday,振替休日
2036-12-23,2036,12,23,2,火,Tuesday,天皇誕生日
2037-01-01,2037,1,1,4,木,Thursday,元日
2037-01-12,2037,1,12,1,月,Monday,成人の日
2037-02-11,2037,2,11,3,水,Wednesday,建国記念の日
2037-04-29,2037,4,29,3,水,Wednesday,昭和の日
2037-05-03,2037,5,3,0,日,Sunday,憲法記念日
2037-05-04,2037,5,4,1,月,Monday,みどりの日
2037-05-05,2037,5,5,2,火,Tuesday,こどもの日
2037-05-06,2037,5,6,3,水,Wednesday,振替休日
2037-07-20,2037,7,20,1,月,Monday,海の日
2037-08-11,2037,8,11,2,火,Tuesday,山の日
2037-09-21,2037,9,21,1,月,Monday,敬老の日
2037-09-22,2037,9,22,2,火,Tuesday,国民の休日
2037-10-12,2037,10,12,1,月,Monday,体育の日
2037-11-03,2037,11,3,2,火,Tuesday,文化の日
2037-11-23,2037,11,23,1,月,Monday,勤労感謝の日
2037-12-23,2037,12,23,3,水,Wednesday,天皇誕生日
2038-01-01,2038,1,1,5,金,Friday,元日
2038-01-11,2038,1,11,1,月,Monday,成人の日
2038-02-11,2038,2,11,4,木,Thursday,建国記念の日
2038-04-29,2038,4,29,4,木,Thursday,昭和の日
2038-05-03,2038,5,3,1,月,Monday,憲法記念日
2038-05-04,2038,5,4,2,火,Tuesday,みどりの日
2038-05-05,2038,5,5,3,水,Wednesday,こどもの日
2038-07-19,2038,7,19,1,月,Monday,海の日
2038-08-11,2038,8,11,3,水,Wednesday,山の日
2038-09-20,2038,9,20,1,月,Monday,敬老の日
2038-10-11,2038,10,11,1,月,Monday,体育の日
2038-11-03,2038,11,3,3,水,Wednesday,文化の日
2038-11-23,2038,11,23,2,火,Tuesday,勤労感謝の日
2038-12-23,2038,12,23,4,木,Thursday,天皇誕生日
2039-01-01,2039,1,1,6,土,Saturday,元日
2039-01-10,2039,1,10,1,月,Monday,成人の日
2039-02-11,2039,2,11,5,金,Friday,建国記念の日
2039-04-29,2039,4,29,5,金,Friday,昭和の日
2039-05-03,2039,5,3,2,火,Tuesday,憲法記念日
2039-05-04,2039,5,4,3,水,Wednesday,みどりの日
2039-05-05,2039,5,5,4,木,Thursday,こどもの日
2039-07-18,2039,7,18,1,月,Monday,海の日
2039-08-11,2039,8,11,4,木,Thursday,山の日
2039-09-19,2039,9,19,1,月,Monday,敬老の日
2039-10-10,2039,10,10,1,月,Monday,体育の日
2039-11-03,2039,11,3,4,木,Thursday,文化の日
2039-11-23,2039,11,23,3,水,Wednesday,勤労感謝の日
2039-12-23,2039,12,23,5,金,Friday,天皇誕生日
2040-01-01,2040,1,1,0,日,Sunday,元日
2040-01-02,2040,1,2,1,月,Monday,振替休日
2040-01-09,2040,1,9,1,月,Monday,成人の日
2040-02-11,2040,2,11,6,土,Saturday,建国記念の日
2040-04-29,2040,4,29,0,日,Sunday,昭和の日
2040-04-30,2040,4,30,1,月,Monday,振替休日
2040-05-03,2040,5,3,4,木,Thursday,憲法記念日
2040-05-04,2040,5,4,5,金,Friday,みどりの日
2040-05-05,2040,5,5,6,土,Saturday,こどもの日
2040-07-16,2040,7,16,1,月,Monday,海の日
2040-08-11,2040,8,11,6,土,Saturday,山の日
2040-09-17,2040,9,17,1,月,Monday,敬老の日
2040-10-08,2040,10,8,1,月,Monday,体育の日
2040-11-03,2040,11,3,6,土,Saturday,文化の日
2040-11-23,2040,11,23,5,金,Friday,勤労感謝の日
2040-12-23,2040,12,23,0,日,Sunday,天皇誕生日
2040-12-24,2040,12,24,1,月,Monday,振替休日
2041-01-01,2041,1,1,2,火,Tuesday,元日
2041-01-14,2041,1,14,1,月,Monday,成人の日
2041-02-11,2041,2,11,1,月,Monday,建国記念の日
2041-04-29,2041,4,29,1,月,Monday,昭和の日
2041-05-03,2041,5,3,5,金,Friday,憲法記念日
2041-05-04,2041,5,4,6,土,Saturday,みどりの日
2041-05-05,2041,5,5,0,日,Sunday,こどもの日
2041-05-06,2041,5,6,1,月,Monday,振替休日
2041-07-15,2041,7,15,1,月,Monday,海の日
2041-08-11,2041,8,11,0,日,Sunday,山の日
2041-08-12,2041,8,12,1,月,Monday,振替休日
2041-09-16,2041,9,16,1,月,Monday,敬老の日
2041-10-14,2041,10,14,1,月,Monday,体育の日
2041-11-03,2041,11,3,0,日,Sunday,文化の日
2041-11-04,2041,11,4,1,月,Monday,振替休日
2041-11-23,2041,11,23,6,土,Saturday,勤労感謝の日
2041-12-23,2041,12,23,1,月,Monday,天皇誕生日
2042-01-01,2042,1,1,3,水,Wednesday,元日
2042-01-13,2042,1,13,1,月,Monday,成人の日
2042-02-11,2042,2,11,2,火,Tuesday,建国記念の日
2042-04-29,2042,4,29,2,火,Tuesday,昭和の日
2042-05-03,2042,5,3,6,土,Saturday,憲法記念日
2042-05-04,2042,5,4,0,日,Sunday,みどりの日
2042-05-05,2042,5,5,1,月,Monday,こどもの日
2042-05-06,2042,5,6,2,火,Tuesday,振替休日
2042-07-21,2042,7,21,1,月,Monday,海の日
2042-08-11,2042,8,11,1,月,Monday,山の日
2042-09-15,2042,9,15,1,月,Monday,敬老の日
2042-10-13,2042,10,13,1,月,Monday,体育の日
2042-11-03,2042,11,3,1,月,Monday,文化の日
2042-11-23,2042,11,23,0,日,Sunday,勤労感謝の日
2042-11-24,2042,11,24,1,月,Monday,振替休日
2042-12-23,2042,12,23,2,火,Tuesday,天皇誕生日
2043-01-01,2043,1,1,4,木,Thursday,元日
2043-01-12,2043,1,12,1,月,Monday,成人の日
2043-02-11,2043,2,11,3,水,Wednesday,建国記念の日
2043-04-29,2043,4,29,3,水,Wednesday,昭和の日
2043-05-03,2043,5,3,0,日,Sunday,憲法記念日
2043-05-04,2043,5,4,1,月,Monday,みどりの日
2043-05-05,2043,5,5,2,火,Tuesday,こどもの日
2043-05-06,2043,5,6,3,水,Wednesday,振替休日
2043-07-20,2043,7,20,1,月,Monday,海の日
2043-08-11,2043,8,11,2,火,Tuesday,山の日
2043-09-21,2043,9,21,1,月,Monday,敬老の日
2043-09-22,2043,9,22,2,火,Tuesday,国民の休日
2043-10-12,2043,10,12,1,月,Monday,体育の日
2043-11-03,2043,11,3,2,火,Tuesday,文化の日
2043-11-23,2043,11,23,1,月,Monday,勤労感謝の日
2043-12-23,2043,12,23,3,水,Wednesday,天皇誕生日
2044-01-01,2044,1,1,5,金,Friday,元日
2044-01-11,2044,1,11,1,月,Monday,成人の日
2044-02-11,2044,2,11,4,木,Thursday,建国記念の日
2044-03-21,2044,3,21,1,月,Monday,振替休日
2044-04-29,2044,4,29,5,金,Friday,昭和の日
2044-05-03,2044,5,3,2,火,Tuesday,憲法記念日
2044-05-04,2044,5,4,3,水,Wednesday,みどりの日
2044-05-05,2044,5,5,4,木,Thursday,こどもの日
2044-07-18,2044,7,18,1,月,Monday,海の日
2044-08-11,2044,8,11,4,木,Thursday,山の日
2044-09-19,2044,9,19,1,月,Monday,敬老の日
2044-10-10,2044,10,10,1,月,Monday,体育の日
2044-11-03,2044,11,3,4,木,Thursday,文化の日
2044-11-23,2044,11,23,3,水,Wednesday,勤労感謝の日
2044-12-23,2044,12,23,5,金,Friday,天皇誕生日
2045-01-01,2045,1,1,0,日,Sunday,元日
2045-01-02,2045,1,2,1,月,Monday,振替休日
2045-01-09,2045,1,9,1,月,Monday,成人の日
2045-02-11,2045,2,11,6,土,Saturday,建国記念の日
2045-04-29,2045,4,29,6,土,Saturday,昭和の日
2045-05-03,2045,5,3,3,水,Wednesday,憲法記念日
2045-05-04,2045,5,4,4,木,Thursday,みどりの日
2045-05-05,2045,5,5,5,金,Friday,こどもの日
2045-07-17,2045,7,17,1,月,Monday,海の日
2045-08-11,2045,8,11,5,金,Friday,山の日
2045-09-18,2045,9,18,1,月,Monday,敬老の日
2045-10-09,2045,10,9,1,月,Monday,体育の日
2045-11-03,2045,11,3,5,金,Friday,文化の日
2045-11-23,2045,11,23,4,木,Thursday,勤労感謝の日
2045-12-23,2045,12,23,6,土,Saturday,天皇誕生日
2046-01-01,2046,1,1,1,月,Monday,元日
2046-01-08,2046,1,8,1,月,Monday,成人の日
2046-02-11,2046,2,11,0,日,Sunday,建国記念の日
2046-02-12,2046,2,12,1,月,Monday,振替休日
2046-04-29,2046,4,29,0,日,Sunday,昭和の日
2046-04-30,2046,4,30,1,月,Monday,振替休日
2046-05-03,2046,5,3,4,木,Thursday,憲法記念日
2046-05-04,2046,5,4,5,金,Friday,みどりの日
2046-05-05,2046,5,5,6,土,Saturday,こどもの日
2046-07-16,2046,7,16,1,月,Monday,海の日
2046-08-11,2046,8,11,6,土,Saturday,山の日
2046-09-17,2046,9,17,1,月,Monday,敬老の日
2046-09-24,2046,9,24,1,月,Monday,振替休日
2046-10-08,2046,10,8,1,月,Monday,体育の日
2046-11-03,2046,11,3,6,土,Saturday,文化の日
2046-11-23,2046,11,23,5,金,Friday,勤労感謝の日
2046-12-23,2046,12,23,0,日,Sunday,天皇誕生日
2046-12-24,2046,12,24,1,月,Monday,振替休日
2047-01-01,2047,1,1,2,火,Tuesday,元日
2047-01-14,2047,1,14,1,月,Monday,成人の日
2047-02-11,2047,2,11,1,月,Monday,建国記念の日
2047-04-29,2047,4,29,1,月,Monday,昭和の日
2047-05-03,2047,5,3,5,金,Friday,憲法記念日
2047-05-04,2047,5,4,6,土,Saturday,みどりの日
2047-05-05,2047,5,5,0,日,Sunday,こどもの日
2047-05-06,2047,5,6,1,月,Monday,振替休日
2047-07-15,2047,7,15,1,月,Monday,海の日
2047-08-11,2047,8,11,0,日,Sunday,山の日
2047-08-12,2047,8,12,1,月,Monday,振替休日
2047-09-16,2047,9,16,1,月,Monday,敬老の日
2047-10-14,2047,10,14,1,月,Monday,体育の日
2047-11-03,2047,11,3,0,日,Sunday,文化の日
2047-11-04,2047,11,4,1,月,Monday,振替休日
2047-11-23,2047,11,23,6,土,Saturday,勤労感謝の日
2047-12-23,2047,12,23,1,月,Monday,天皇誕生日
2048-01-01,2048,1,1,3,水,Wednesday,元日
2048-01-13,2048,1,13,1,月,Monday,成人の日
2048-02-11,2048,2,11,2,火,Tuesday,建国記念の日
2048-04-29,2048,4,29,3,水,Wednesday,昭和の日
2048-05-03,2048,5,3,0,日,Sunday,憲法記念日
2048-05-04,2048,5,4,1,月,Monday,みどりの日
2048-05-05,2048,5,5,2,火,Tuesday,こどもの日
2048-05-06,2048,5,6,3,水,Wednesday,振替休日
2048-07-20,2048,7,20,1,月,Monday,海の日
2048-08-11,2048,8,11,2,火,Tuesday,山の日
2048-09-21,2048,9,21,1,月,Monday,敬老の日
2048-10-12,2048,10,12,1,月,Monday,体育の日
2048-11-03,2048,11,3,2,火,Tuesday,文化の日
2048-11-23,2048,11,23,1,月,Monday,勤労感謝の日
2048-12-23,2048,12,23,3,水,Wednesday,天皇誕生日
2049-01-01,2049,1,1,5,金,Friday,元日
2049-01-11,2049,1,11,1,月,Monday,成人の日
2049-02-11,2049,2,11,4,木,Thursday,建国記念の日
2049-04-29,2049,4,29,4,木,Thursday,昭和の日
2049-05-03,2049,5,3,1,月,Monday,憲法記念日
2049-05-04,2049,5,4,2,火,Tuesday,みどりの日
2049-05-05,2049,5,5,3,水,Wednesday,こどもの日
2049-07-19,2049,7,19,1,月,Monday,海の日
2049-08-11,2049,8,11,3,水,Wednesday,山の日
2049-09-20,2049,9,20,1,月,Monday,敬老の日
2049-09-21,2049,9,21,2,火,Tuesday,国民の休日
2049-10-11,2049,10,11,1,月,Monday,体育の日
2049-11-03,2049,11,3,3,水,Wednesday,文化の日
2049-11-23,2049,11,23,2,火,Tuesday,勤労感謝の日
2049-12-23,2049,12,23,4,木,Thursday,天皇誕生日
2050-01-01,2050,1,1,6,土,Saturday,元日
2050-01-10,2050,1,10,1,月,Monday,成人の日
2050-02-11,2050,2,11,5,金,Friday,建国記念の日
2050-03-21,2050,3,21,1,月,Monday,振替休日
2050-04-29,2050,4,29,5,金,Friday,昭和の日
2050-05-03,2050,5,3,2,火,Tuesday,憲法記念日
2050-05-04,2050,5,4,3,水,Wednesday,みどりの日
2050-05-05,2050,5,5,4,木,Thursday,こどもの日
2050-07-18,2050,7,18,1,月,Monday,海の日
2050-08-11,2050,8,11,4,木,Thursday,山の日
2050-09-19,2050,9,19,1,月,Monday,敬老の日
2050-10-10,2050,10,10,1,月,Monday,体育の日
2050-11-03,2050,11,3,4,木,Thursday,文化の日
2050-11-23,2050,11,23,3,水,Wednesday,勤労感謝の日
2050-12-23,2050,12,23,5,金,Friday,天皇誕生日
